Quantidade de dados com ruído,Média do Erro Absoluto
1,2.3578456833193235
2,0.8684930601629064
