Quantidade de dados com ruído,Média do Erro Absoluto
1,0.5453020807678581
100,0.7707652129251169
200,0.7488523876262192
300,0.7615597607071636
400,0.5748759443646728
500,0.7185620425099107
600,0.8076189145095651
700,0.6873339924721183
800,0.7670723421850373
900,0.7177951716961105
1000,0.6830488652642875
