Quantidade de dados com ruído,Média do Erro Absoluto
1,1.5757611052200495
100,1.142155497664886
200,1.1960182935778298
300,1.1745677250304603
400,1.1776624906209023
500,1.170369426229986
600,1.0691267621437774
700,1.1372928066872585
800,1.103149786712469
900,1.1450442043637747
1000,1.098714873190298
