Quantidade de dados com ruído,Média do Erro Absoluto
1,-0.823977817824356
100,0.564847318728971
200,0.5715590432185729
300,0.7009018022849764
400,0.716854809263061
500,0.7120502224628026
600,0.769393514862817
700,0.7968459442048351
800,0.7668073689559404
900,0.7137739148809649
1000,0.7011338557267074
